<?xml version="1.0" encoding="UTF-8"?>  
<beans  
    xmlns="http://www.springframework.org/schema/beans"  
    xmlns:xsi="http://www.w3.org/2001/XMLSchema-instance"  
    xmlns:p="http://www.springframework.org/schema/p"  
    xsi:schemaLocation="http://www.springframework.org/schema/beans  
                http://www.springframework.org/schema/beans/spring-beans-3.0.xsd">  
    
    <bean id="carLocation" class="com.gabriel.guiFx.Location"> 
        <property name="x" value= "50"/>  
		<property name="y" value = "50"/>  
		<property name="z" value ="0"/>	  
	</bean>
	
	<bean id="carBodyLocation" class="com.gabriel.guiFx.Location"> 
        <property name="x" value= "50"/>  
		<property name="y" value = "50"/>  
		<property name="z" value ="0"/>	  
	</bean>
	
	<bean id="rearWheelLocation" class="com.gabriel.guiFx.Location"> 
        <property name="x" value= "80"/>  
		<property name="y" value = "60"/>  
		<property name="z" value ="0"/>	  
	</bean>
	
	<bean id="frontWheelLocation" class="com.gabriel.guiFx.Location"> 
        <property name="x" value= "50"/>  
		<property name="y" value = "60"/>  
		<property name="z" value ="0"/>	  
	</bean>              
    
    <bean id="carBody" class="com.gabriel.guiImpl.Rectangle"> 
        <property name="height" value= "20"/>  
		<property name="width" value = "60"/>  
		<property name="location" ref = "carBodyLocation"/>	  
	</bean>
	
	<bean id="rearWheel" class="com.gabriel.guiImpl.Circle"> 
        <property name="radius" value= "20"/>  
		<property name="location" ref = "rearWheelLocation"/>	  
	</bean>
	
	<bean id="frontWheel" class="com.gabriel.guiImpl.Circle"> 
        <property name="radius" value= "20"/>  
		<property name="location" ref = "frontWheelLocation"/>	  
	</bean>  
    
    <bean id="car" class="com.gabriel.guiImpl.Car">  
		<property name="body" ref="carBody"/>  
		<property name="rear" ref = "rearWheel"/>  
		<property name="front" ref = "frontWheel"/>
		<property name="location" ref = "carLocation"/>	  
	</bean>  
	
	
</beans>          